[
  {
    "name": "datr",
    "value": "NsmHaCpEH-4l9wfP3zThEMz6",
    "domain": ".facebook.com",
    "path": "/"
  },
  {
    "name": "ps_l",
    "value": "1",
    "domain": ".facebook.com",
    "path": "/"
  },
  {
    "name": "ps_n",
    "value": "1",
    "domain": ".facebook.com",
    "path": "/"
  },
  {
    "name": "sb",
    "value": "GfuIaFGDQnv4XPF6xDuQa9Ff",
    "domain": ".facebook.com",
    "path": "/"
  },
  {
    "name": "fr",
    "value": "1LuHkbvchb0mYx6Dn..BoiPsk..AAA.0.0.BoiQJU.AWdVOjiehElnMzkMPGv4nkFGlHY",
    "domain": ".facebook.com",
    "path": "/"
  }
]